{"cameraMode":{"drawMode":0,"name":"Shaded","section":"Shading Mode"},"sceneLighting":false,"audioPlay":false,"sceneViewState":{"m_AlwaysRefresh":false,"showFog":true,"showSkybox":false,"showFlares":true,"showImageEffects":true,"showParticleSystems":true,"showVisualEffectGraphs":true,"m_FxEnabled":false},"in2DMode":false,"pivot":{"x":-3.5703506469726564,"y":6.310598373413086,"z":-0.19594919681549073},"rotation":{"x":0.09576895087957382,"y":-0.7383065223693848,"z":0.10729379206895828,"w":0.6590427756309509},"size":11.242395401000977,"orthographic":false}