{"cameraMode":{"drawMode":0,"name":"Shaded","section":"Shading Mode"},"sceneLighting":false,"audioPlay":false,"sceneViewState":{"m_AlwaysRefresh":false,"showFog":true,"showSkybox":false,"showFlares":true,"showImageEffects":true,"showParticleSystems":true,"showVisualEffectGraphs":true,"m_FxEnabled":false},"in2DMode":false,"pivot":{"x":18.944841384887697,"y":-0.9436290264129639,"z":18.832996368408204},"rotation":{"x":-0.25323542952537539,"y":-0.16276617348194123,"z":0.0432501845061779,"w":-0.9526546597480774},"size":1.2507264614105225,"orthographic":false}