{"cameraMode":{"drawMode":0,"name":"Shaded","section":"Shading Mode"},"sceneLighting":false,"audioPlay":false,"sceneViewState":{"m_AlwaysRefresh":false,"showFog":true,"showSkybox":true,"showFlares":true,"showImageEffects":true,"showParticleSystems":true,"showVisualEffectGraphs":true,"m_FxEnabled":false},"in2DMode":false,"pivot":{"x":-337.6499938964844,"y":0.23000001907348634,"z":-26.080001831054689},"rotation":{"x":-0.28343191742897036,"y":-0.013512534089386464,"z":0.003995069768279791,"w":-0.9588926434516907},"size":12.124356269836426,"orthographic":false}